{
    "agent": {
        "metrics_collection_interval": 10,
        "logfile": "/var/logs/amazon-cloudwatch-agent.log"
    },
    "logs": {
        "logs_collected": {
            "files": {
                "collect_list": [
                    {
                        "file_path": "/home/ec2-user/webapp/app.log",
                        "log_group_name": "loggroupppppp",
                        "log_stream_name": "aaaaaa"
                    }
                ]
            }
        },
        "log_stream_name": "cloudwatch_log_stream"
    },
    "metrics": {
        "metrics_collected": {
            "statsd": {
                "service_address": ":8125",
                "metrics_collection_interval": 5,
                "metrics_aggregation_interval": 10
            }
        }
    }
}
